{
  "project_info": {
    "project_number": "606658339525",
    "project_id": "mindhunter-ef88d",
    "storage_bucket": "mindhunter-ef88d.appspot.com"
  },
  "client": [
    {
      "client_info": {
        "mobilesdk_app_id": "1:606658339525:android:38d449e31a2fc72ccc06ac",
        "android_client_info": {
          "package_name": "com.example.mindhunter"
        }
      },
      "oauth_client": [
        {
          "client_id": "606658339525-v8mcdg3gto61qto478f10k7kc54b6k9e.apps.googleusercontent.com",
          "client_type": 3
        }
      ],
      "api_key": [
        {
          "current_key": "AIzaSyBu4f4YJaaolWzlYVBdsLNVaSSq7vAD360"
        }
      ],
      "services": {
        "appinvite_service": {
          "other_platform_oauth_client": [
            {
              "client_id": "606658339525-v8mcdg3gto61qto478f10k7kc54b6k9e.apps.googleusercontent.com",
              "client_type": 3
            }
          ]
        }
      }
    }
  ],
  "configuration_version": "1"
}